"1. Energy efficiency is the process of using energy in a way that is more efficient and sustainable. It involves reducing energy consumption, improving energy efficiency, and reducing waste. Energy efficiency can be achieved in various ways, such as:

1. Reducing energy consumption: This involves reducing the amount of energy used by a system or device. This can be done by turning off lights and appliances when they are not in use, using energy-efficient light bulbs,"
"2. Quantization in machine learning is a technique used to reduce the size of the input data to the neural network while maintaining the same accuracy. The process involves converting the input data into a smaller range of values, typically between 0 and 1, to reduce the computational complexity of the neural network. This process is done by using a quantization algorithm that maps the input data to a smaller range of values. The resulting output data is then used by the neural network to make predictions.

Quant"
"3. The trade-off between model size and accuracy is a complex and multifaceted issue that depends on various factors such as the type of model, the data used, the complexity of the problem, and the specific requirements of the application. Here are some common trade-offs and their implications:

1. Model Size:

- Large models can be computationally expensive to train and evaluate.
- Large models can be difficult to interpret and interpret.
- Lar"
"4. Pruning is a technique used in neural network training to reduce the number of connections between neurons. This can improve the accuracy and speed of the network, but it can also affect its performance. Here are some ways pruning affects neural network performance:

1. Reduced complexity: Pruning reduces the number of connections between neurons, which can lead to a reduction in the number of parameters in the network. This can improve the network's ability to learn and generalize"
"5. 1. Faster processing: Running AI on edge devices can significantly improve the processing speed of the system. This is because the devices are closer to the data source, which means they can process the data faster.

2. Lower power consumption: Edge devices are typically smaller and consume less power than centralized systems. This means that they can run AI algorithms for longer periods without needing to be recharged.

3. Cost-effective: Running AI on edge"
